codon,cod3,name,cod1
UUU,Phe,Fenilalanina,F
UUC,Phe,Fenilalanina,F
UUA,Leu,Leucina,L
UUG,Leu,Leucina,L
CUU,Leu,Leucina,L
CUC,Leu,Leucina,L
CUA,Leu,Leucina,L
CUG,Leu,Leucina,L
AUU,Ile,Isoleucina,I
AUC,Ile,Isoleucina,I
AUA,Ile,Isoleucina,I
AUG,Met,Metionina,M
GUU,Val,Valina,V
GUC,Val,Valina,V
GUA,Val,Valina,V
GUG,Val,Valina,V
UCU,Ser,Serina,S
UCC,Ser,Serina,S
UCA,Ser,Serina,S
UCG,Ser,Serina,S
CCU,Pro,Prolina,P
CCC,Pro,Prolina,P
CCA,Pro,Prolina,P
CCG,Pro,Prolina,P
ACU,Thr,Treonina,T
ACC,Thr,Treonina,T
ACA,Thr,Treonina,T
ACG,Thr,Treonina,T
GCU,Ala,Alanina,A
GCC,Ala,Alanina,A
GCA,Ala,Alanina,A
GCG,Ala,Alanina,A
UAU,Tyr,Tirosina,Y
UAC,Tyr,Tirosina,Y
UAA,FIN,FIN,.
UAG,FIN,FIN,.
CUA,His,Histidina,H
CAC,His,Histidina,H
CAA,Gln,Glutamina,Q
CAG,Gln,Glutamina,Q
AAU,Asn,Asparagina,N
AAC,Asn,Asparagina,N
AAA,Lys,Lisina,K
AAG,Lys,Lisina,K
GAU,Asp,Acido aspartico,D
GAC,Asp,Acido aspartico,D
GAA,Glu,Acido glutamico,E
GAG,Glu,Acido glutamico,E
UGU,Cys,Cisteina,C
UGC,Cys,Cisteina,C
UGA,FIN,FIN,.
UGG,Trp,Triptofano,W
CGU,Arg,Arginina,R
CGC,Arg,Arginina,R
CGA,Arg,Arginina,R
CGG,Arg,Arginina,R
AGU,Ser,Serina,S
AGC,Ser,Serina,S
AGA,Arg,Arginina,R
AGG,Arg,Arginina,R
GGU,Gly,Glicina,G
GGC,Gly,Glicina,G
GGA,Gly,Glicina,G
GGG,Gly,Glicina,G
